{
  "version": "eng-100",
  "tilesets": [],
  "blueprints": [],
  "level": {
    "map": [
      [
        3,
        3,
        3,
        3,
        3,
        3,
        3,
        3,
        3,
        3,
        3,
        3,
        0
      ],
      [
        3,
        2,
        2,
        2,
        2,
        2,
        3,
        2,
        2,
        2,
        2,
        3,
        0
      ],
      [
        3,
        2,
        2,
        2,
        2,
        2,
        3,
        2,
        2,
        2,
        2,
        3,
        0
      ],
      [
        3,
        2,
        2,
        3,
        2,
        2,
        1,
        2,
        2,
        2,
        2,
        3,
        0
      ],
      [
        3,
        2,
        2,
        2,
        2,
        2,
        3,
        2,
        2,
        2,
        2,
        3,
        0
      ],
      [
        3,
        2,
        2,
        2,
        2,
        2,
        3,
        2,
        2,
        2,
        2,
        3,
        0
      ],
      [
        3,
        3,
        3,
        1,
        3,
        3,
        3,
        3,
        3,
        1,
        3,
        3,
        0
      ],
      [
        3,
        2,
        2,
        2,
        2,
        2,
        3,
        2,
        2,
        2,
        2,
        3,
        0
      ],
      [
        3,
        2,
        2,
        2,
        2,
        2,
        3,
        2,
        2,
        2,
        2,
        3,
        0
      ],
      [
        3,
        2,
        2,
        2,
        2,
        2,
        1,
        2,
        2,
        2,
        2,
        3,
        0
      ],
      [
        3,
        2,
        2,
        2,
        2,
        2,
        3,
        2,
        2,
        2,
        2,
        3,
        0
      ],
      [
        3,
        2,
        2,
        2,
        2,
        2,
        3,
        2,
        2,
        2,
        2,
        3,
        0
      ],
      [
        3,
        3,
        3,
        3,
        3,
        3,
        3,
        3,
        3,
        3,
        3,
        3,
        0
      ]
    ],
    "legend": [
      {
        "code": 2,
        "phys": 0,
        "offset": 0,
        "faces": {
          "n": null,
          "e": null,
          "w": null,
          "s": null,
          "f": 0,
          "c": 1
        },
        "light": null
      },
      {
        "code": 3,
        "phys": 1,
        "offset": 0,
        "faces": {
          "n": 6,
          "e": 6,
          "w": 6,
          "s": 6,
          "f": null,
          "c": null
        },
        "light": null
      },
      {
        "code": 1,
        "phys": 8,
        "offset": 0,
        "faces": {
          "n": 0,
          "e": 0,
          "w": 0,
          "s": 0,
          "f": 0,
          "c": 1
        },
        "light": null
      }
    ],
    "textures": {
      "flats": "textures/4e1e1c361b1985ef0660a3ec655ebfeb.png",
      "walls": "textures/f3f2dabba62d88998b46e9f2eae4f0ac.png",
      "sky": "textures/25dcdc37bc7db2d42c0fb87393946e4b.png",
      "smooth": false,
      "stretch": false
    },
    "metrics": {
      "spacing": 64,
      "height": 96
    }
  },
  "shading": {
    "color": "black",
    "factor": 50,
    "brightness": 0,
    "filter": false
  },
  "objects": [],
  "decals": [],
  "camera": {
    "x": 9,
    "y": 3,
    "angle": 2.356194490192345,
    "thinker": "KeyboardControlThinker"
  },
  "tags": []
}